title_spotify,album,sp_popularity,artist,colab,release_date,danceability,energy,key,loudness,mode,speechiness,acousticness,instrumentalness,liveness,valence,tempo,duration,peak_year,title
It's Now or Never,Platinum - A Life In Music,58,Elvis Presley,N,1997-07-15,0.633,0.365,4,-14.94,1,0.0403,0.428,0.00378,0.569,0.743,126.266,193.90668,1960,It's Now or Never
Smoke Gets In Your Eyes,Remember When?,64,The Platters,N,1959-01-01,0.203,0.295,3,-11.155,1,0.0323,0.92,2.05e-06,0.173,0.285,171.222,160.93333,1960,Smoke Gets in Your Eyes
The Twist,Dancin' Party: The Chubby Checker Collection (1960-1966),61,Chubby Checker,N,2020-06-19,0.571,0.618,4,-5.682,1,0.0371,0.18,2.69e-06,0.178,0.852,156.892,155.04,1960,The Twist
"The Theme from ""A Summer Place""",16 Most Requested Songs,61,Percy Faith & His Orchestra,N,1989-06-13,0.326,0.326,0,-15.144,1,0.0297,0.591,0.918,0.494,0.87,186.232,142.69333,1960,Theme from A Summer Place
Save the Last Dance for Me,Save the Last Dance for Me,63,The Drifters,N,1962,0.54,0.53,4,-10.583,1,0.0361,0.614,0.0,0.198,0.896,143.453,154.96,1960,Save the Last Dance for Me
The Lion Sleeps Tonight (Wimoweh),Wimoweh!!! - The Best Of The Tokens,60,The Tokens,N,1994-08-29,0.321,0.474,5,-9.383,1,0.0348,0.743,0.0,0.204,0.804,121.199,162.09332,1961,The Lion Sleeps Tonight
"The Theme from ""A Summer Place""",16 Most Requested Songs,61,Percy Faith & His Orchestra,N,1989-06-13,0.326,0.326,0,-15.144,1,0.0297,0.591,0.918,0.494,0.87,186.232,142.69333,1961,Theme from A Summer Place
Take Good Care Of My Baby,Take Good Care Of My Baby,58,Bobby Vee,N,1962-02-01,0.487,0.441,1,-11.297,1,0.0722,0.761,0.0,0.15,0.604,82.707,149.8,1961,Take Good Care of My Baby
Moody River - Single Version,Pat Boone's Greatest Hits (Reissue),38,Pat Boone,N,1993-01-01,0.767,0.269,3,-14.983,1,0.0333,0.774,0.0,0.0875,0.534,129.921,157.26666,1961,Moody River
Runaway,Runaway with Del Shannon,63,Del Shannon,N,1961-01-01,0.594,0.533,10,-7.993,0,0.0438,0.153,1.49e-05,0.172,0.729,78.552,137.30667,1961,Runaway
The Twist,Dancin' Party: The Chubby Checker Collection (1960-1966),61,Chubby Checker,N,2020-06-19,0.571,0.618,4,-5.682,1,0.0371,0.18,2.69e-06,0.178,0.852,156.892,155.04,1962,The Twist
Quarter to Three,Rockmasters International Network Presents Dance 'Til Quarter to Three With U.S. Bonds,34,Gary U.S. Bonds,N,1961,0.455,0.819,0,-9.322,0,0.184,0.925,0.0441,0.84,0.902,163.686,150.4,1962,Quarter to Three
Good Luck Charm,"Elvis' Golden Records, Vol. 3",54,Elvis Presley,N,1963-08-11,0.618,0.467,2,-13.166,1,0.0336,0.56,1.05e-05,0.5,0.904,121.646,145.08,1962,Good Luck Charm
Telstar,The Tornados Play Telstar And Other Great Hits,29,The Tornados,N,2003-05-20,0.237,0.777,9,-7.347,1,0.0421,0.00174,0.832,0.107,0.677,145.956,202.22667,1962,Telstar
Sherry,Sherry and 11 Other Hits,61,Frankie Valli & The Four Seasons,N,1962-10-01,0.701,0.471,0,-8.072,1,0.0421,0.647,0.0,0.125,0.69,117.564,152.16,1962,Sherry
Dominique,The Collection,34,The Singing Nun (Soeur Sourire),N,2006-01-01,0.75,0.333,0,-8.135,0,0.0979,0.955,0.0,0.106,0.651,135.913,174.94667,1963,Dominique
Walk Like a Man,Big Girls Don't Cry and 12 Other Hits,57,Frankie Valli & The Four Seasons,N,1963-02-01,0.681,0.64,3,-10.364,1,0.0346,0.605,0.0,0.0641,0.966,117.884,137.93333,1963,Walk Like a Man
Surf City,Surf City And Other Swingin' Cities,49,Jan & Dean,N,2010-01-01,0.534,0.807,8,-12.871,1,0.0349,0.497,5e-05,0.232,0.964,147.843,147.26666,1963,Surf City
Be True To Your School - Remastered,Greatest Hits,41,The Beach Boys,N,2012-01-01,0.551,0.664,8,-8.952,0,0.0443,0.245,0.0,0.112,0.732,144.203,131.52,1963,Be True to Your School
It's My Party,I'll Cry If I Want To,63,Lesley Gore,N,1963-06-01,0.692,0.501,9,-11.708,1,0.0625,0.368,0.0,0.0393,0.961,128.388,140.0,1963,It's My Party
I Want To Hold Your Hand - Remastered 2009,The Beatles 1962 - 1966 (Remastered),72,The Beatles,N,1973-04-01,0.496,0.703,7,-6.905,1,0.0377,0.525,2.12e-06,0.305,0.936,130.915,146.72,1964,I Want to Hold Your Hand
She Loves You - Mono Version / Remastered 2009,The Beatles 1962 - 1966 (Remastered),62,The Beatles,N,1973-04-01,0.321,0.895,7,-5.157,1,0.0463,0.389,0.0,0.177,0.904,149.807,142.65334,1964,She Loves You
Can't Buy Me Love - Remastered 2009,A Hard Day's Night (Remastered),66,The Beatles,N,1964-07-10,0.483,0.677,0,-5.91,1,0.0593,0.283,0.0,0.321,0.842,170.72,131.86667,1964,Can't Buy Me Love
I Get Around (Mono),All Summer Long (Mono & Stereo),66,The Beach Boys,N,1964-07-13,0.389,0.626,9,-7.813,0,0.0541,0.366,0.0,0.0663,0.514,144.337,134.38667,1964,I Get Around
Where Did Our Love Go,The Ultimate Collection: Diana Ross & The Supremes,18,The Supremes,N,1997-10-07,0.602,0.783,0,-1.05,1,0.0295,0.505,0.0,0.0655,0.75,135.985,153.82668,1964,Where Did Our Love Go
Mr. Tambourine Man,Mr. Tambourine Man,61,The Byrds,N,1965-06-21,0.456,0.47,2,-9.564,1,0.0294,0.513,3.76e-05,0.444,0.639,120.336,149.46667,1965,Mr. Tambourine Man
Help! - Remastered 2009,Help! (Remastered),71,The Beatles,N,1965-08-06,0.534,0.725,6,-7.576,0,0.0333,0.188,0.0,0.0994,0.767,94.963,139.56,1965,Help!
(I Can't Get No) Satisfaction - Mono Version,Out Of Our Heads,78,The Rolling Stones,N,1965-07-30,0.723,0.863,2,-7.89,1,0.0338,0.0383,0.0317,0.128,0.931,136.302,222.81332,1965,(I Can't Get No) Satisfaction
"I Can't Help Myself (Sugar Pie, Honey Bunch)",Four Tops - Second Album,75,Four Tops,N,1965,0.667,0.599,0,-8.894,1,0.0291,0.245,0.0,0.107,0.971,127.935,160.28,1965,"I Can't Help Myself (Sugar Pie, Honey Bunch)"
California Girls - Remix/Remastered 2001,Summer Days (And Summer Nights) [Remastered],59,The Beach Boys,N,1965-07-05,0.503,0.62,11,-6.069,1,0.0295,0.471,0.0,0.159,0.713,116.598,160.36,1965,California Girls
Paperback Writer - Remastered 2015,1 (Remastered),50,The Beatles,N,2000-11-13,0.472,0.856,7,-6.03,1,0.0562,0.147,2.78e-06,0.595,0.841,78.696,138.2,1966,Paperback Writer
Good Vibrations - Remastered 2001,Smiley Smile (Remastered),71,The Beach Boys,N,1967-09-18,0.396,0.473,10,-7.67,0,0.0345,0.326,0.000124,0.109,0.385,133.449,219.02667,1966,Good Vibrations
Wild Thing,From Nowhere,62,The Troggs,N,1966-07-25,0.453,0.658,9,-13.472,1,0.0539,0.741,0.0288,0.135,0.761,203.871,155.33333,1966,Wild Thing
You Can't Hurry Love,The Supremes A' Go-Go (Expanded Edition),72,The Supremes,N,1966-08-25,0.63,0.711,10,-9.34,1,0.0472,0.299,0.0,0.0813,0.659,96.915,167.93333,1966,You Can't Hurry Love
The Sound of Silence - Acoustic Version,"Wednesday Morning, 3 A.M.",77,Simon & Garfunkel,N,1964-10-19,0.525,0.216,6,-13.551,1,0.0301,0.837,0.0,0.107,0.328,106.761,185.41333,1966,The Sound of Silence
Penny Lane - Remastered 2009,Magical Mystery Tour (Remastered),60,The Beatles,N,1967-11-27,0.651,0.488,9,-8.22,1,0.0316,0.212,0.026,0.136,0.491,113.032,180.89333,1967,Penny Lane
Strawberry Fields Forever - Remastered 2009,Magical Mystery Tour (Remastered),66,The Beatles,N,1967-11-27,0.39,0.502,10,-12.277,1,0.178,0.336,0.000129,0.0713,0.289,97.873,247.32,1967,Strawberry Fields Forever
I'm a Believer - 2006 Remaster,More of The Monkees (Deluxe Edition),77,The Monkees,N,1967-01-09,0.526,0.775,0,-6.05,1,0.0352,0.707,2.05e-05,0.217,0.962,80.106,167.37334,1967,I'm a Believer
Light My Fire,The Doors,69,The Doors,N,1967-01-04,0.413,0.725,3,-5.787,0,0.0324,0.369,2.16e-05,0.0905,0.44,124.618,429.76,1967,Light My Fire
Windy - Remastered Version,Insight Out,47,The Association,N,1967,0.676,0.681,5,-9.223,1,0.0292,0.363,0.191,0.0967,0.901,132.953,176.6,1967,Windy
Hey Jude - Remastered 2015,1 (Remastered),70,The Beatles,N,2000-11-13,0.386,0.607,10,-7.7,1,0.0261,0.0112,1.38e-05,0.088,0.532,147.207,425.65332,1968,Hey Jude
The Letter,The Letter/Neon Rainbow,70,The Box Tops,N,1967,0.638,0.428,9,-12.156,0,0.0687,0.252,0.0,0.132,0.901,139.434,112.8,1968,The Letter
Respect,I Never Loved a Man the Way I Love You,78,Aretha Franklin,N,1967-03-10,0.805,0.558,0,-5.226,1,0.041,0.164,2.2e-05,0.0546,0.965,114.95,147.6,1968,Respect
Born To Be Wild - Single Version,Steppenwolf,66,Steppenwolf,N,1968-01-01,0.439,0.734,2,-12.168,1,0.097,0.262,0.333,0.244,0.54,145.703,212.89333,1968,Born to Be Wild
Good Lovin' - Single Version,The Young Rascals,52,The Young Rascals,N,1966,0.252,0.507,2,-13.337,1,0.0442,0.00206,0.00057,0.325,0.816,196.494,150.90668,1968,Good Lovin'
Sugar Sugar,Everything's Archie,70,The Archies,N,1969-11-14,0.757,0.725,2,-7.259,1,0.0275,0.399,0.0,0.108,0.965,122.439,167.21333,1969,"Sugar, Sugar"
Come Together - Remastered 2009,Abbey Road (Remastered),77,The Beatles,N,1969-09-26,0.53,0.376,9,-11.913,0,0.04,0.0304,0.247,0.0926,0.188,164.775,259.94666,1969,Come Together
Honky Tonk Women,Forty Licks,67,The Rolling Stones,N,2023-07-26,0.548,0.778,7,-6.367,1,0.0551,0.279,0.0247,0.0484,0.969,120.37,181.39578,1969,Honky Tonk Women
Crystal Blue Persuasion,Crimson & Clover,53,Tommy James & The Shondells,N,1968-01-01,0.621,0.341,9,-11.447,1,0.049,0.102,7.78e-05,0.0652,0.578,98.554,242.32,1969,Crystal Blue Persuasion
One - Single Version,Three Dog Night,51,Three Dog Night,N,1968-01-01,0.55,0.409,5,-12.702,0,0.0321,0.312,0.0,0.096,0.405,61.226,185.82668,1969,One
Bridge Over Troubled Water,Bridge Over Troubled Water,68,Simon & Garfunkel,N,1970-01-26,0.149,0.206,3,-13.888,1,0.0323,0.822,0.000649,0.115,0.264,79.764,293.12,1970,Bridge Over Troubled Water
Let It Be - Remastered 2009,Let It Be (Remastered),78,The Beatles,N,1970-05-08,0.443,0.403,0,-8.339,1,0.0322,0.631,0.0,0.111,0.41,143.462,243.02667,1970,Let It Be
I Want You Back,Diana Ross Presents The Jackson 5,77,The Jackson 5,N,1969-12-18,0.469,0.538,8,-13.559,1,0.0575,0.305,0.000114,0.37,0.885,196.606,176.33333,1970,I Want You Back
Raindrops Keep Fallin' On My Head,Super Hits,63,B.J. Thomas,N,1968,0.598,0.484,5,-9.663,1,0.0718,0.861,0.018,0.114,0.513,109.321,180.52,1970,Raindrops Keep Fallin' on My Head
I Think I Love You,Partridge Family Album,52,The Partridge Family,N,1970,0.413,0.6,3,-9.096,1,0.0412,0.236,0.0,0.0457,0.725,204.692,175.30667,1970,I Think I Love You
My Sweet Lord (2014 Remaster),All Things Must Pass (2014 Remaster),73,George Harrison,N,1970-11-20,0.54,0.688,1,-9.021,0,0.0331,0.0812,0.0,0.0857,0.564,120.981,281.23184,1971,My Sweet Lord
Imagine - Remastered 2010,Imagine,76,John Lennon,N,1971-09-09,0.547,0.257,0,-12.358,1,0.0252,0.907,0.183,0.0935,0.169,75.752,187.86667,1971,Imagine
American Pie,American Pie,76,Don McLean,N,1971,0.529,0.482,4,-11.709,0,0.0599,0.7,0.0,0.0842,0.492,138.453,516.8933,1971,American Pie
(They Long To Be) Close To You,Close To You,63,Carpenters,N,1970,0.532,0.244,8,-14.652,1,0.0327,0.707,4.56e-05,0.122,0.238,89.327,276.0,1971,(They Long to Be) Close to You
Knock Three Times,Candida,57,Tony Orlando & Dawn,N,1970,0.774,0.58,1,-10.08,1,0.0512,0.158,0.0,0.0458,0.923,123.127,176.70386,1971,Knock Three Times
Popcorn,28 Big Ones,47,Hot Butter,N,2005,0.784,0.627,11,-14.617,0,0.0572,0.0425,0.717,0.0645,0.952,136.879,151.44,1972,Popcorn
Lean on Me,Still Bill,69,Bill Withers,N,1972-05-01,0.619,0.22,0,-13.843,1,0.0672,0.782,1.19e-05,0.124,0.426,75.143,258.8346,1972,Lean on Me
Tumbling Dice,Exile On Main Street (2010 Re-Mastered),62,The Rolling Stones,N,1972-05-12,0.616,0.91,11,-4.248,1,0.0347,0.5,0.504,0.281,0.77,111.017,226.33333,1972,Tumbling Dice
The First Time Ever I Saw Your Face,First Take,59,Roberta Flack,N,1969,0.311,0.0264,0,-21.644,1,0.037,0.731,0.00205,0.156,0.139,120.653,260.66638,1972,The First Time Ever I Saw Your Face
I Can See Clearly Now - Edit,I Can See Clearly Now,76,Johnny Nash,N,1972,0.681,0.373,2,-13.2,1,0.0568,0.633,0.00113,0.0751,0.623,123.423,164.73334,1972,I Can See Clearly Now
War,War And Peace,59,Edwin Starr,N,1970-01-01,0.59,0.671,1,-12.484,1,0.154,0.0939,0.0,0.248,0.736,109.333,200.26666,1973,War
Tie A Yellow Ribbon 'Round The Ole Oak Tree (made popular by Tony Orlando and Dawn) [backing version],Pop Male Hits 9 - Party Tyme - Backing Versions,0,Party Tyme,N,2024-04-26,0.616,0.732,5,-8.669,1,0.0453,0.149,0.00997,0.394,0.488,171.835,201.17497,1973,Tie a Yellow Ribbon Round the Ole Oak Tree
Angie - Remastered 2009,Goats Head Soup - Remastered 2009,71,The Rolling Stones,N,1973-08-31,0.429,0.554,9,-6.128,0,0.0291,0.67,0.000152,0.105,0.407,136.302,272.0,1973,Angie
Midnight Train to Georgia,Imagination (Expanded Edition),66,Gladys Knight & The Pips,N,1973,0.595,0.379,10,-12.058,0,0.0454,0.271,2.81e-05,0.1,0.448,92.006,279.33334,1973,Midnight Train to Georgia
Half-Breed,Half-Breed,42,Cher,N,1973-01-01,0.646,0.467,9,-12.678,0,0.0325,0.524,0.0,0.329,0.877,102.704,167.53333,1973,Half-Breed
The Streak,Boogity Boogity,40,Ray Stevens,N,1974-01-01,0.687,0.523,0,-14.245,1,0.278,0.641,0.0,0.902,0.779,119.692,197.73334,1974,The Streak
Kung Fu Fighting,Kung Fu Fighter,71,Carl Douglas,N,1974-01-01,0.621,0.764,2,-8.702,1,0.0578,0.146,4.97e-05,0.161,0.745,102.288,197.93591,1974,Kung Fu Fighting
Waterloo,Waterloo,74,ABBA,N,1974,0.445,0.949,2,-4.682,1,0.0471,0.395,8.18e-06,0.0902,0.653,147.604,168.96,1974,Waterloo
Saturday Night,Shang-A-Lang,47,Bay City Rollers,N,1993-05-14,0.514,0.681,7,-10.026,1,0.065,0.199,0.0356,0.0745,0.913,136.821,174.4,1974,Saturday Night
Sunshine On My Shoulders,"Poems, Prayers and Promises",59,John Denver,N,1971,0.322,0.168,10,-13.893,1,0.0336,0.915,0.000223,0.117,0.259,146.68,311.89334,1974,Sunshine on My Shoulders
Bohemian Rhapsody - Remastered 2011,A Night At The Opera (Deluxe Remastered Version),71,Queen,N,1975-11-21,0.391,0.402,0,-9.961,0,0.0539,0.289,0.0,0.243,0.228,143.879,354.32,1975,Bohemian Rhapsody
One of These Nights - 2013 Remaster,One of These Nights (2013 Remaster),73,Eagles,N,1975-06-10,0.655,0.606,7,-10.385,1,0.0285,0.0603,0.0789,0.0757,0.765,110.061,291.68576,1975,One of These Nights
I Will Always Love You,The Bodyguard - Original Soundtrack Album,77,Whitney Houston,N,1992-11-17,0.332,0.214,4,-12.518,1,0.0349,0.845,5.62e-06,0.0839,0.11,67.531,271.09332,1975,I Will Always Love You
Fame - 2016 Remaster,Young Americans (2016 Remaster),60,David Bowie,N,1975-03-07,0.786,0.555,10,-10.276,1,0.0471,0.454,0.0173,0.0826,0.673,95.1,261.37332,1975,Fame
Mamma Mia,Abba,78,ABBA,N,1975,0.749,0.748,2,-7.011,1,0.0323,0.295,0.000443,0.469,0.827,137.547,213.26666,1975,Mamma Mia
Dancing Queen,Arrival,85,ABBA,N,1976,0.543,0.87,9,-6.514,1,0.0428,0.358,0.000939,0.792,0.754,100.804,230.4,1976,Dancing Queen
Moody Blue,Moody Blue,57,Elvis Presley,N,1977-07-19,0.643,0.729,0,-10.231,1,0.0297,0.674,7.99e-06,0.173,0.963,135.29,169.32,1976,Moody Blue
Tonight's the Night (Gonna Be Alright) - 2009 Remaster,A Night on the Town (Deluxe Edition),53,Rod Stewart,N,1976,0.551,0.514,11,-12.617,1,0.0524,0.336,0.125,0.382,0.721,136.547,237.12,1976,Tonight's the Night (Gonna Be Alright)
"December, 1963 (Oh What a Night!)",Who Loves You,74,Frankie Valli & The Four Seasons,N,1975,0.737,0.495,1,-13.489,1,0.027,0.0588,9.12e-06,0.0542,0.967,104.409,197.14667,1976,"December, 1963 (Oh, What a Night)"
50 Ways to Leave Your Lover,Still Crazy After All These Years,68,Paul Simon,N,1975-10-25,0.815,0.372,7,-12.814,1,0.0752,0.166,0.000116,0.0767,0.293,101.684,217.34666,1976,50 Ways to Leave Your Lover
"Stayin' Alive - From ""Saturday Night Fever"" Soundtrack",Greatest,77,Bee Gees,N,1979-01-01,0.703,0.827,10,-7.179,0,0.0343,0.032,0.00636,0.179,0.944,103.564,285.37332,1977,Stayin' Alive
Dreams - 2004 Remaster,Rumours (Super Deluxe),86,Fleetwood Mac,N,1977-02-04,0.828,0.492,0,-9.744,1,0.0276,0.0644,0.00428,0.128,0.789,120.151,257.8,1977,Dreams
Hotel California - 2013 Remaster,Hotel California (2013 Remaster),83,Eagles,N,1976-12-08,0.579,0.508,2,-9.484,1,0.027,0.00574,0.000494,0.0575,0.609,147.125,391.37625,1977,Hotel California
Way Down,Moody Blue,43,Elvis Presley,N,1977-07-19,0.48,0.68,0,-13.036,1,0.0488,0.545,0.00187,0.15,0.691,148.78,158.01334,1977,Way Down
"Knowing Me, Knowing You",Arrival,67,ABBA,N,1976,0.546,0.733,2,-7.073,1,0.0299,0.0399,1.11e-06,0.235,0.91,107.285,241.92,1977,"Knowing Me, Knowing You"
Le Freak - 2018 Remaster,C'est Chic (2018 Remaster),65,CHIC,N,1978-08-11,0.91,0.641,7,-11.316,1,0.0589,0.0258,6.42e-05,0.0642,0.903,118.533,331.36,1978,Le Freak
How Deep Is Your Love,Greatest,78,Bee Gees,N,1979-01-01,0.633,0.357,5,-9.366,0,0.0264,0.107,0.0,0.133,0.672,104.938,245.2,1978,How Deep Is Your Love
Macho Man,Macho Man,48,Village People,N,1978-02-12,0.745,0.593,5,-12.33,1,0.0439,0.0523,0.0,0.582,0.888,132.897,314.8,1978,Macho Man
You're The One That I Want - From “Grease”,Grease - The Original Motion Picture Soundtrack,72,"John Travolta, Olivia Newton-John",Y,1978-04-04,0.758,0.612,0,-11.403,1,0.0598,0.281,0.00288,0.0954,0.822,106.945,169.84,1978,You're the One That I Want
Hot Child in the City - Extended Remix,Rock America,48,Nick Gilder,N,1980,0.731,0.664,4,-6.995,1,0.0371,0.0349,7.59e-05,0.127,0.818,110.775,215.09224,1978,Hot Child in the City
"Another Brick in the Wall, Pt. 2",The Wall,75,Pink Floyd,N,1979-11-30,0.693,0.394,0,-15.882,1,0.0428,0.0782,0.000694,0.247,0.721,104.114,238.74677,1979,Another Brick in the Wall
My Sharona,Get The Knack,71,The Knack,N,1979-01-01,0.586,0.7,0,-9.558,1,0.0363,0.0589,0.00125,0.0318,0.897,147.245,295.4,1979,My Sharona
Heart Of Glass,Parallel Lines,63,Blondie,N,1978-09-23,0.77,0.654,4,-6.107,1,0.0361,0.0548,0.000498,0.0819,0.686,114.82,229.42317,1979,Heart of Glass
Y.M.C.A.,Cruisin',62,Village People,N,1978,0.75,0.785,6,-10.926,1,0.0591,0.0278,0.0,0.0601,0.752,126.361,286.66666,1979,YMCA
Bad Girls,Bad Girls,61,Donna Summer,N,1979-04-25,0.857,0.7,2,-14.506,0,0.0358,0.00387,0.0162,0.411,0.973,120.529,295.10666,1979,Bad Girls
Another One Bites The Dust - Remastered 2011,The Game (Deluxe Remastered Version),73,Queen,N,1980-06-27,0.932,0.528,5,-6.472,0,0.161,0.115,0.329,0.163,0.757,109.975,214.65334,1980,Another One Bites the Dust
Call Me,Call Me,70,Blondie,N,2004-01-01,0.553,0.833,2,-6.667,0,0.0347,0.000646,0.00246,0.0737,0.773,142.663,212.22667,1980,Call Me
Rock with You - Single Version,Off the Wall,80,Michael Jackson,N,1979-08-10,0.808,0.535,1,-12.521,1,0.0353,0.179,9.91e-05,0.158,0.848,114.031,220.62666,1980,Rock with You
Magic,Xanadu,48,Olivia Newton-John,N,1980-01-01,0.697,0.611,2,-5.997,1,0.0265,0.0178,8.92e-05,0.11,0.603,103.77,271.66666,1980,Magic
Give It Up,All In a Night's Work (Expanded Version),66,KC & The Sunshine Band,N,2016-03-11,0.862,0.624,3,-11.63,1,0.0565,0.0192,0.000153,0.0465,0.882,124.896,254.24,1980,Give It Up
Jessie's Girl,Working Class Dog,76,Rick Springfield,N,1981-03-13,0.727,0.834,2,-5.851,1,0.0496,0.165,0.0,0.105,0.816,131.7,194.12,1981,Jessie's Girl
"Endless Love - From ""The Endless Love"" Soundtrack",Back To Front,56,"Lionel Richie, Diana Ross",Y,1992-01-01,0.461,0.275,10,-12.331,1,0.0259,0.745,0.000219,0.126,0.124,93.063,268.29333,1981,Endless Love
Bette Davis Eyes,Mistaken Identity,78,Kim Carnes,N,1981-01-01,0.675,0.649,5,-10.271,1,0.0319,0.0204,0.0,0.0959,0.596,116.62,228.0,1981,Bette Davis Eyes
Morning Train (Nine to Five) - Edit,Take My Time,62,Sheena Easton,N,1981,0.76,0.556,5,-8.872,0,0.0817,0.63,0.0,0.148,0.817,121.818,200.82668,1981,Morning Train (Nine to Five)
Don't You Want Me,Dare!,77,The Human League,N,1981,0.731,0.738,9,-8.125,0,0.0377,0.184,0.0,0.214,0.958,117.656,236.92,1981,Don't You Want Me
Billie Jean,Thriller,82,Michael Jackson,N,1982-11-30,0.932,0.457,11,-9.62,0,0.0541,0.0173,0.0436,0.0414,0.884,117.002,294.22668,1982,Billie Jean
Africa,Toto IV,86,TOTO,N,1982-04-08,0.671,0.373,9,-18.064,1,0.0323,0.257,8.01e-05,0.0481,0.732,92.718,295.89334,1982,Africa
Down Under,Business As Usual,80,Men At Work,N,1981-11-09,0.739,0.459,11,-14.42,0,0.0294,0.129,0.0194,0.0474,0.892,107.115,222.32,1982,Down Under
Every Little Thing She Does Is Magic,Ghost In The Machine - Remastered 2003,75,The Police,N,1981-10-02,0.558,0.768,2,-9.997,1,0.0343,0.121,0.0626,0.124,0.429,81.909,260.57333,1982,Every Little Thing She Does Is Magic
Jack & Diane,American Fool,73,John Mellencamp,N,1982,0.811,0.41,9,-8.214,1,0.0391,0.0365,6.63e-06,0.0799,0.626,103.963,254.49333,1982,Jack and Diane
Beat It,Thriller,80,Michael Jackson,N,1982-11-30,0.776,0.711,3,-9.03,0,0.0473,0.0242,0.000353,0.234,0.901,138.728,258.4,1983,Beat It
Every Breath You Take,Synchronicity - Remastered 2003,87,The Police,N,1983-06-17,0.82,0.452,1,-9.796,1,0.0348,0.543,0.00294,0.0714,0.74,117.401,253.92,1983,Every Breath You Take
Let's Dance - 2018 Remaster,Let's Dance (2018 Remaster),69,David Bowie,N,1983-04-14,0.654,0.743,10,-7.44,0,0.0605,0.0125,0.0272,0.153,0.632,114.846,457.67587,1983,Let's Dance
Karma Chameleon - Remastered 2002,Colour By Numbers (Remastered / Expanded Edition),75,Culture Club,N,1983-10-01,0.668,0.73,10,-7.182,1,0.0366,0.225,0.0,0.188,0.894,92.049,252.77333,1983,Karma Chameleon
Sweet Dreams (Are Made of This) - Remastered,Sweet Dreams (Are Made Of This),85,"Eurythmics, Annie Lennox, Dave Stewart",Y,1983-01-04,0.692,0.711,0,-7.498,0,0.0317,0.225,0.0,0.12,0.875,125.135,216.93333,1983,Sweet Dreams (Are Made of This)
When Doves Cry,Purple Rain,69,Prince,N,1984-06-25,0.729,0.989,9,-4.613,0,0.049,0.0102,4.43e-05,0.443,0.841,126.468,354.13333,1984,When Doves Cry
Thriller,Thriller,70,Michael Jackson,N,1982-11-30,0.771,0.687,11,-9.814,1,0.0693,0.0318,0.000225,0.89,0.783,118.392,357.8,1984,Thriller
Like a Virgin,Like a Virgin,70,Madonna,N,1984-11-12,0.771,0.655,3,-10.842,0,0.0372,0.152,0.00197,0.0685,0.97,119.747,218.62666,1984,Like a Virgin
Dancing In the Dark,Born In The U.S.A.,84,Bruce Springsteen,N,1984-06-04,0.527,0.942,1,-5.64,0,0.0366,0.0115,0.0,0.188,0.495,148.723,241.30667,1984,Dancing in the Dark
The Heart Of Rock And Roll,Sports,50,Huey Lewis & The News,N,1983,0.594,0.757,10,-8.82,1,0.0379,0.0318,0.000106,0.222,0.956,143.297,304.92,1984,The Heart of Rock & Roll
We Are The World,We Are The World,66,U.S.A. For Africa,N,1985-01-01,0.528,0.447,4,-15.255,1,0.0435,0.189,0.0,0.0745,0.292,72.58,427.33334,1985,We Are the World
Material Girl - 2024 Remaster,Material Girl (2024 Remaster),70,Madonna,N,1985-01-23,0.741,0.892,0,-2.567,1,0.031,0.166,0.00189,0.0783,0.979,136.403,242.33723,1985,Material Girl
One More Night - 2016 Remaster,No Jacket Required (2016 Remaster),71,Phil Collins,N,1985-01-25,0.534,0.442,3,-9.442,1,0.0308,0.788,0.000351,0.0986,0.343,136.369,288.97333,1985,One More Night
I Know What I Know (with General M.D.Shirinda & The Gaza Sisters),Graceland (25th Anniversary Deluxe Edition),49,"Paul Simon, General M.D.Shirinda, The Gaza Sisters",Y,1986-08-12,0.795,0.741,0,-6.78,1,0.0534,0.254,0.000251,0.189,0.961,117.906,193.37334,1985,Money for Nothing
Shout,Songs From The Big Chair,72,Tears For Fears,N,1985-02-25,0.511,0.942,0,-10.407,1,0.0429,0.174,1.87e-05,0.139,0.498,97.909,393.66666,1985,Shout
Livin' On A Prayer,Slippery When Wet,85,Bon Jovi,N,1986-08-16,0.532,0.887,0,-3.757,1,0.0335,0.0778,0.000206,0.294,0.794,122.509,249.29333,1986,Livin' on a Prayer
Everybody Have Fun Tonight,Mosaic,54,Wang Chung,N,1986-10-14,0.728,0.619,9,-12.265,1,0.0379,0.0884,8.44e-05,0.039,0.747,128.845,287.36,1986,Everybody Have Fun Tonight
Careless Whisper,Ladies And Gentlemen... The Best Of George Michael,82,George Michael,N,1998-11-09,0.574,0.628,2,-8.815,0,0.036,0.13,0.0,0.271,0.803,153.119,300.10666,1986,Careless Whisper
Sledgehammer - 2012 Remaster,So (25th Anniversary Deluxe Edition),56,Peter Gabriel,N,1986-05-19,0.641,0.682,8,-7.561,1,0.0392,0.044,0.0,0.0394,0.468,96.319,311.98645,1986,Sledgehammer
These Dreams,Heart,65,Heart,N,1985-07-06,0.534,0.532,11,-9.865,1,0.0292,0.509,0.0,0.0868,0.3,79.103,254.47624,1986,These Dreams
I Wanna Dance with Somebody (Who Loves Me),Whitney,82,Whitney Houston,N,1987-06-02,0.709,0.824,1,-8.824,1,0.0453,0.207,0.000307,0.0888,0.867,118.818,291.29333,1987,I Wanna Dance with Somebody
With Or Without You,The Joshua Tree (Super Deluxe),78,U2,N,1987-03-03,0.54,0.429,2,-11.822,1,0.0285,0.000202,0.355,0.141,0.113,110.171,295.51578,1987,With or Without You
Bad - 2012 Remaster,Bad 25th Anniversary,67,Michael Jackson,N,2012-09-18,0.787,0.889,8,-3.786,1,0.0397,0.00462,0.423,0.0665,0.394,114.091,247.36,1987,Bad
The One I Love - Remastered 2012,Document - 25th Anniversary Edition,64,R.E.M.,N,1987-09-01,0.488,0.84,2,-4.626,1,0.0356,0.000395,1.21e-06,0.346,0.559,127.862,197.8,1987,The One I Love
Love Is A Battlefield,The Collection,65,Pat Benatar,N,2001-01-01,0.669,0.634,2,-11.903,0,0.0488,0.0137,0.0178,0.0979,0.863,90.626,245.4,1987,Love Is a Battlefield
Father Figure - Remastered,Faith,61,George Michael,N,1987-10-30,0.689,0.333,3,-13.288,1,0.0262,0.163,3.36e-05,0.0853,0.284,101.988,336.66666,1988,Father Figure
My Prerogative,Don't Be Cruel,58,Bobby Brown,N,1988-01-01,0.753,0.62,9,-10.544,1,0.0524,0.0657,0.0,0.27,0.676,110.171,291.56,1988,My Prerogative
Together Again,Together Again,57,Cinthya Garcia,N,2022-11-25,0.361,0.0634,9,-24.652,1,0.0383,0.993,0.93,0.0978,0.421,131.98,121.74998,1988,Together Again
Never Gonna Give You Up,Whenever You Need Somebody,79,Rick Astley,N,1987-11-12,0.721,0.939,8,-11.823,1,0.0376,0.115,3.79e-05,0.108,0.914,113.309,213.57333,1988,Never Gonna Give You Up
I Think We're Alone Now,Tiffany,70,Tiffany,N,1987-01-01,0.752,0.723,7,-12.126,1,0.0507,0.025,0.00354,0.0212,0.94,130.519,228.84,1988,I Think We're Alone Now
Like a Prayer - Choir Version From “Deadpool & Wolverine”,"Deadpool & Wolverine: Madonna's ""Like a Prayer"" EP",78,I'll Take You There Choir,N,2024-08-09,0.244,0.273,2,-13.875,0,0.0351,0.848,0.499,0.124,0.104,116.076,152.89333,1989,Like a Prayer
Miss You Much,Rhythm Nation 1814,48,Janet Jackson,N,1989-09-19,0.702,0.975,6,-7.968,0,0.0396,0.0305,0.000134,0.165,0.646,115.185,252.33333,1989,Miss You Much
Another Day in Paradise - 2016 Remaster,...But Seriously (Deluxe Edition),77,Phil Collins,N,1989-11-20,0.78,0.565,3,-7.32,0,0.0306,0.736,0.00269,0.063,0.365,101.967,322.13333,1989,Another Day in Paradise
Love Shack,Cosmic Thing,70,The B-52's,N,1989-06-23,0.701,0.803,5,-6.786,0,0.0545,0.0544,1.54e-06,0.7,0.903,133.608,320.68,1989,Love Shack
The Look,Look Sharp!,60,Roxette,N,1988-10-19,0.634,0.838,2,-5.363,1,0.0413,0.0531,8.34e-06,0.0522,0.541,95.011,237.32,1989,The Look
U Can't Touch This,Please Hammer Don't Hurt 'Em,72,MC Hammer,N,1990-02-20,0.867,0.517,11,-13.22,0,0.088,0.00449,0.000343,0.0864,0.862,133.149,257.36,1990,U Can't Touch This
Vision of Love,Mariah Carey,56,Mariah Carey,N,1990-06-12,0.256,0.464,5,-10.959,1,0.0382,0.433,0.0,0.121,0.355,205.362,209.29333,1990,Vision of Love
Nothing Compares 2 U,I Do Not Want What I Haven't Got,75,Sinéad O'Connor,N,1990-07-01,0.512,0.574,5,-7.016,1,0.0273,0.0425,2.31e-05,0.105,0.161,119.917,280.04,1990,Nothing Compares 2 U
Hold On,Wilson Phillips,67,Wilson Phillips,N,1990-05-08,0.68,0.657,5,-9.897,1,0.0255,0.4,0.0,0.0497,0.546,97.801,266.86667,1990,Hold On
Escapade,Rhythm Nation 1814,53,Janet Jackson,N,1989-09-19,0.806,0.954,1,-6.741,1,0.0514,0.0259,0.000617,0.176,0.701,115.229,283.93362,1990,Escapade
(Everything I Do) I Do It For You,Waking Up The Neighbours,63,Bryan Adams,N,1991-09-24,0.526,0.365,1,-12.605,1,0.028,0.0775,1.37e-05,0.0618,0.254,131.251,394.13333,1991,(Everything I Do) I Do It for You
Smells Like Teen Spirit,Nevermind (Remastered),78,Nirvana,N,1991-09-26,0.502,0.912,1,-4.556,1,0.0564,2.55e-05,0.000173,0.106,0.72,116.761,301.92,1991,Smells Like Teen Spirit
Losing My Religion,Out Of Time (25th Anniversary Edition),83,R.E.M.,N,1991-03-12,0.666,0.855,9,-5.051,0,0.0295,0.179,1.2e-06,0.0987,0.803,125.639,268.42667,1991,Losing My Religion
Shoop,Very Necessary,72,Salt-N-Pepa,N,1993-10-12,0.939,0.674,0,-7.232,1,0.212,0.091,0.0,0.0565,0.792,96.918,248.57333,1991,Shoop
I Wanna Sex You Up - Single Mix,C.M.B.,61,Color Me Badd,N,1991-07-23,0.551,0.591,6,-8.404,0,0.12,0.00549,6.55e-06,0.0416,0.474,201.81,236.94667,1991,I Wanna Sex You Up
Save The Best For Last,The Comfort Zone,64,Vanessa Williams,N,1991-01-01,0.528,0.234,3,-15.784,1,0.0283,0.641,0.0,0.183,0.191,95.911,218.73334,1992,Save the Best for Last
Baby Got Back,Mack Daddy,70,Sir Mix-A-Lot,N,1992-01-01,0.926,0.669,1,-11.271,1,0.301,0.0051,0.0,0.0887,0.642,128.462,262.82666,1992,Baby Got Back
I'm Every Woman,The Bodyguard - Original Soundtrack Album,60,Whitney Houston,N,1992-11-17,0.665,0.847,5,-8.314,0,0.0535,0.0178,0.00288,0.126,0.4,119.555,285.10666,1992,I'm Every Woman
Tears in Heaven - Acoustic Live,Unplugged (Deluxe Edition) (Live),66,Eric Clapton,N,1992-08-25,0.694,0.331,9,-13.0,1,0.0284,0.806,0.00235,0.707,0.458,79.055,280.0,1992,Tears in Heaven
Jump! (Criss Cross),MTV2 (Limitless Edition)Disc 1,24,Clippa Tha Great aka KIDD MTV,N,2021-05-10,0.922,0.701,1,-8.345,1,0.187,0.0986,0.000104,0.0739,0.48,92.518,175.20328,1992,Jump
The River of Dreams,River Of Dreams,65,Billy Joel,N,1993-08-10,0.631,0.749,7,-8.15,1,0.0576,0.205,5.21e-06,0.0667,0.437,89.646,247.62666,1993,River of Dreams
I Will Always Love You,The Bodyguard - Original Soundtrack Album,77,Whitney Houston,N,1992-11-17,0.332,0.214,4,-12.518,1,0.0349,0.845,5.62e-06,0.0839,0.11,67.531,271.09332,1993,I Will Always Love You
What's Up?,"Bigger, Better, Faster, More !",80,4 Non Blondes,N,1992-01-01,0.565,0.564,2,-10.044,1,0.0292,0.161,0.0,0.114,0.454,134.358,295.53333,1993,What's Up?
I'd Do Anything For Love (But I Won't Do That) - Single Edit,Bat Out Of Hell II: Back Into Hell,59,Meat Loaf,N,1993,0.419,0.672,2,-6.353,1,0.092,0.623,0.0,0.412,0.304,105.212,316.46667,1993,I'd Do Anything for Love (But I Won't Do That)
That's The Way Love Goes,Janet,65,Janet Jackson,N,1993-05-18,0.703,0.7,5,-6.789,1,0.0693,0.302,0.471,0.0718,0.582,97.675,265.10666,1993,That's the Way Love Goes
The Sign,The Sign,73,Ace of Base,N,1993-12-24,0.808,0.786,4,-6.897,0,0.0447,0.00928,0.0701,0.0574,0.899,96.987,191.24,1994,The Sign
I Swear,All-4-One,69,All-4-One,N,1994-01-01,0.532,0.407,6,-9.658,0,0.0233,0.235,0.0,0.117,0.23,83.207,259.85333,1994,I Swear
Stay (I Missed You),Stay (I Missed You),62,Lisa Loeb,N,1994-05-17,0.612,0.591,1,-7.02,1,0.051,0.462,0.0,0.111,0.349,160.659,184.33333,1994,Stay (I Missed You)
Without You,Music Box,69,Mariah Carey,N,1993-08-31,0.603,0.407,6,-11.667,1,0.0314,0.378,1.15e-06,0.0529,0.166,121.96,215.11047,1994,Without You
Shoop,Very Necessary,72,Salt-N-Pepa,N,1993-10-12,0.939,0.674,0,-7.232,1,0.212,0.091,0.0,0.0565,0.792,96.918,248.57333,1994,Shoop
Waterfalls,Crazysexycool,75,TLC,N,1994-11-15,0.769,0.505,1,-7.345,1,0.0829,0.311,7.49e-05,0.0777,0.757,171.804,279.50668,1995,Waterfalls
Gangsta's Paradise,Gangsta's Paradise,86,"Coolio, L.V.",Y,1995-11-07,0.647,0.514,8,-10.05,1,0.0593,0.0655,0.0,0.398,0.386,79.975,240.69333,1995,Gangsta's Paradise
Fantasy,Daydream,75,Mariah Carey,N,1995-10-03,0.669,0.727,7,-7.588,1,0.0353,0.139,0.0,0.123,0.807,102.322,243.49333,1995,Fantasy
Only Wanna Be With You,Cracked Rear View,70,Hootie & The Blowfish,N,1994-07-01,0.49,0.873,6,-5.861,1,0.0355,0.107,5.19e-06,0.118,0.513,103.272,229.58667,1995,Only Wanna Be with You
You Oughta Know - 2015 Remaster,Jagged Little Pill - 2015 Remaster,67,Alanis Morissette,N,1995,0.665,0.834,4,-7.737,1,0.0576,0.21,0.0,0.452,0.411,105.292,249.49333,1995,You Oughta Know
Wannabe,Spice,81,Spice Girls,N,1996-01-01,0.768,0.864,11,-6.149,1,0.0324,0.101,0.0,0.162,0.891,110.009,173.02667,1996,Wannabe
"Because You Loved Me (Theme from ""Up Close and Personal"")",Falling into You,75,Céline Dion,N,1996-03-11,0.615,0.467,1,-9.883,1,0.0327,0.314,0.0,0.099,0.177,119.919,273.66666,1996,Because You Loved Me
No Scrubs,Fanmail,83,TLC,N,1999-02-23,0.743,0.675,8,-4.267,0,0.0953,0.0251,0.000717,0.0685,0.59,92.909,214.4,1996,No Scrubs
Macarena - Bayside Boys Remix,Macarena (EP),60,Los Del Rio,N,1995,0.721,0.92,1,-4.901,1,0.0616,0.211,1.87e-06,0.0647,0.961,103.191,224.62666,1996,Macarena
You Oughta Know - 2015 Remaster,Jagged Little Pill - 2015 Remaster,67,Alanis Morissette,N,1995,0.665,0.834,4,-7.737,1,0.0576,0.21,0.0,0.452,0.411,105.292,249.49333,1996,You Oughta Know
Something About The Way You Look Tonight - Edit Version,Candle In The Wind 1997 / Something About ...,57,Elton John,N,1997-01-01,0.48,0.628,6,-7.643,1,0.0262,0.174,3.28e-05,0.0753,0.541,143.412,240.54668,1997,Candle in the Wind 1997
MMMBop,Middle Of Nowhere,67,Hanson,N,1997-01-01,0.683,0.937,9,-6.335,1,0.0449,0.00481,0.0046,0.07,0.619,104.879,268.65332,1997,MMMBop
Mo Money Mo Problems (feat. Puff Daddy & Mase) - 2014 Remaster,Life After Death (2014 Remastered Edition),73,"The Notorious B.I.G., Mase, Diddy",Y,1997-03-04,0.845,0.884,6,-4.506,0,0.0759,0.0128,2.1e-06,0.203,0.904,104.536,257.4,1997,Mo Money Mo Problems
Push,Yourself or Someone Like You,74,Matchbox Twenty,N,1996-10-01,0.42,0.672,6,-7.902,1,0.027,0.0067,0.0,0.108,0.476,168.019,238.66667,1997,Push
"I'll Be Missing You (feat. Faith Evans, 112)",Bad Boy's 10th Anniversary- The Hits,71,"Diddy, Faith Evans, 112",Y,2004-03-09,0.862,0.479,7,-9.199,1,0.0645,0.0523,0.00126,0.589,0.924,109.877,301.52,1997,I'll Be Missing You
Barbie Girl,Aquarium (Special Edition),76,Aqua,N,1997-01-01,0.812,0.879,1,-10.998,0,0.0397,0.017,0.224,0.365,0.962,129.991,197.96,1998,Barbie Girl
The Boy Is Mine,Never Say Never,74,"Brandy, Monica",Y,1998-05-29,0.704,0.707,1,-6.537,0,0.0391,0.539,0.00106,0.318,0.761,93.145,294.78668,1998,The Boy Is Mine
You Make Me Wanna...,My Way,70,USHER,N,1997-09-16,0.761,0.639,5,-7.577,0,0.0539,0.0359,0.0,0.0945,0.922,164.088,219.12,1998,You Make Me Wanna...
Gettin' Jiggy Wit It,Big Willie Style,72,Will Smith,N,1997-10-03,0.881,0.874,6,-4.505,1,0.139,0.0175,1.14e-06,0.154,0.858,107.891,227.93333,1998,Gettin' Jiggy wit It
"My Heart Will Go On - Love Theme from ""Titanic""",Let's Talk About Love,74,Céline Dion,N,1997-11-14,0.428,0.276,4,-11.729,1,0.0312,0.732,5.33e-06,0.117,0.0382,99.195,280.0,1998,My Heart Will Go On
Livin' la Vida Loca,Ricky Martin,75,Ricky Martin,N,1999,0.425,0.954,1,-3.756,0,0.0476,0.00414,0.0,0.0555,0.933,178.043,243.16,1999,Livin' la Vida Loca
...Baby One More Time,...Baby One More Time (Digital Deluxe Version),83,Britney Spears,N,1999-01-12,0.759,0.699,0,-5.745,0,0.0307,0.202,0.000131,0.443,0.907,92.96,211.06667,1999,...Baby One More Time
Smooth (feat. Rob Thomas),Supernatural (Legacy Edition),69,"Santana, Rob Thomas",Y,1999,0.609,0.923,9,-3.908,1,0.0338,0.16,4.73e-06,0.295,0.961,115.996,294.98666,1999,Smooth
If You Had My Love,On The 6,64,Jennifer Lopez,N,1999-06-01,0.68,0.625,11,-7.0,0,0.0353,0.0645,5.81e-05,0.109,0.814,94.02,266.0,1999,If You Had My Love
I Want It That Way,Millennium,85,Backstreet Boys,N,1999-05-18,0.689,0.694,6,-5.83,0,0.027,0.257,0.0,0.148,0.482,99.039,213.30667,1999,I Want It That Way
Say My Name,The Writing's On The Wall,78,Destiny's Child,N,1999-07-27,0.713,0.678,5,-3.525,0,0.102,0.273,0.0,0.149,0.734,138.009,271.33334,2000,Say My Name
Bye Bye Bye - From Deadpool and Wolverine Soundtrack,No Strings Attached,91,*NSYNC,N,2000-03-21,0.61,0.926,8,-4.843,0,0.0479,0.031,0.0012,0.0821,0.861,172.638,200.4,2000,Bye Bye Bye
The Real Slim Shady,The Marshall Mathers LP,85,Eminem,N,2000-05-23,0.949,0.661,5,-4.244,0,0.0572,0.0302,0.0,0.0454,0.76,104.504,284.2,2000,The Real Slim Shady
Oops!...I Did It Again,Oops!... I Did It Again,81,Britney Spears,N,2000-05-16,0.751,0.834,1,-5.444,0,0.0437,0.3,1.77e-05,0.355,0.894,95.053,211.16,2000,Oops!... I Did It Again
Smooth (In the Style of Carlos Santana Featuring Rob Thomas) - Karaoke Version,Smooth (In the Style of Carlos Santana Featuring Rob Thomas) [Karaoke Version] - Single,0,ProSource Karaoke,N,2010-08-01,0.692,0.696,9,-10.309,0,0.036,0.086,0.0186,0.0551,0.884,115.965,235.2301,2000,Smooth
Fallin',Songs In A Minor,77,Alicia Keys,N,2001-06-05,0.652,0.609,11,-7.519,0,0.037,0.263,0.00101,0.233,0.482,95.986,210.2,2001,Fallin'
U Remind Me,8701,73,USHER,N,2001-08-07,0.657,0.629,6,-4.938,1,0.0782,0.194,0.0,0.254,0.726,93.985,266.89334,2001,U Remind Me
It Wasn't Me,Hot Shot,78,"Shaggy, Rik Rok",Y,2000-08-08,0.853,0.606,0,-4.596,1,0.072,0.0561,0.0,0.313,0.653,94.753,227.6,2001,It Wasn't Me
Always On Time,Pain Is Love,72,"Ja Rule, Ashanti",Y,2001-10-02,0.838,0.705,5,-6.131,0,0.29,0.195,0.0,0.336,0.837,96.644,245.09332,2001,Always On Time
In the End,Hybrid Theory (Bonus Edition),86,Linkin Park,N,2000,0.556,0.864,3,-5.87,0,0.0584,0.00958,0.0,0.209,0.4,105.143,216.88,2001,In the End
Lose Yourself,Curtain Call: The Hits (Deluxe Edition),77,Eminem,N,2005-12-06,0.692,0.744,2,-4.565,1,0.257,0.00868,0.000423,0.359,0.0612,171.374,326.46667,2002,Lose Yourself
Foolish,Ashanti,73,Ashanti,N,2002-01-01,0.665,0.695,0,-5.763,1,0.0532,0.347,0.0,0.106,0.707,90.119,227.38667,2002,Foolish
Hot In Herre,Nellyville,76,Nelly,N,2002-06-25,0.956,0.741,11,-4.753,0,0.124,0.204,0.0,0.0615,0.911,107.075,228.24,2002,Hot in Herre
U Got It Bad,8701,71,USHER,N,2001-08-07,0.816,0.5,1,-4.551,1,0.03,0.0227,1.53e-06,0.0733,0.649,124.037,247.84,2002,U Got It Bad
Family Affair,No More Drama,78,Mary J. Blige,N,2001-08-28,0.911,0.551,8,-3.75,0,0.045,0.133,4.35e-05,0.0863,0.969,92.887,265.86667,2002,No More Drama
In Da Club,Get Rich Or Die Tryin',74,50 Cent,N,2003-02-06,0.904,0.72,6,-2.776,0,0.348,0.259,0.0,0.0749,0.805,90.062,193.46667,2003,In Da Club
Bring Me To Life,Fallen,84,Evanescence,N,2003-03-04,0.331,0.943,4,-3.188,0,0.0698,0.00721,2.06e-06,0.242,0.296,94.612,235.89333,2003,Bring Me to Life
Crazy In Love (feat. Jay-Z),Dangerously In Love,79,"Beyoncé, JAY-Z",Y,2003-06-24,0.646,0.77,2,-6.596,0,0.226,0.00249,0.0,0.0715,0.681,99.165,236.13333,2003,Crazy In Love
Get Busy,Dutty Rock (20th Anniversary),77,Sean Paul,N,2022-11-11,0.741,0.824,10,-4.143,0,0.0352,0.614,0.0,0.158,0.725,100.216,211.6664,2003,Get Busy
Miss Independent,Thankful,53,Kelly Clarkson,N,2003-04-15,0.655,0.623,11,-6.302,0,0.116,0.0861,0.000346,0.0652,0.615,175.973,214.78667,2003,Miss Independent
Yeah! (feat. Lil Jon & Ludacris),Confessions (Expanded Edition),85,"USHER, Lil Jon, Ludacris",Y,2004-03-23,0.894,0.791,2,-4.699,1,0.112,0.0183,0.0,0.0388,0.583,105.018,250.37334,2004,Yeah!
If I Ain't Got You,The Diary Of Alicia Keys,83,Alicia Keys,N,2003-12-02,0.609,0.444,7,-9.129,1,0.106,0.603,6.86e-06,0.104,0.166,118.402,228.70667,2004,If I Ain't Got You
This Love,Songs About Jane: 10th Anniversary Edition,83,Maroon 5,N,2002,0.712,0.862,5,-4.612,0,0.0378,0.0525,0.0,0.093,0.809,95.051,206.2,2004,This Love
Jesus Walks,The College Dropout,70,Kanye West,N,2004-02-10,0.637,0.834,3,-4.686,0,0.323,0.614,0.0,0.317,0.715,87.312,193.73334,2004,Jesus Walks
Hey Ya!,Speakerboxxx/The Love Below,83,Outkast,N,2003,0.727,0.974,4,-2.261,0,0.0664,0.103,0.000532,0.174,0.965,79.526,235.21333,2004,Hey Ya!
We Belong Together,The Emancipation of Mimi,70,Mariah Carey,N,2005-04-12,0.833,0.467,0,-7.89,1,0.0619,0.0339,0.0,0.09,0.767,139.971,201.4,2005,We Belong Together
Hollaback Girl,Love Angel Music Baby (Deluxe Version),70,Gwen Stefani,N,2004-11-23,0.926,0.916,10,-2.221,0,0.0929,0.35,6.01e-06,0.0234,0.904,110.009,199.85333,2005,Hollaback Girl
Gold Digger,Late Registration,80,"Kanye West, Jamie Foxx",Y,2005-08-30,0.629,0.696,1,-5.572,0,0.348,0.0195,0.0,0.0554,0.623,93.034,207.62666,2005,Gold Digger
Candy Shop,The Massacre,79,"50 Cent, Olivia",Y,2005-03-03,0.613,0.574,11,-7.961,1,0.467,0.0253,3.13e-05,0.38,0.755,125.18,209.10667,2005,Candy Shop
My Humps,Monkey Business,66,Black Eyed Peas,N,2005-01-01,0.801,0.682,1,-5.919,0,0.225,0.111,1.56e-05,0.109,0.586,123.95,326.96,2005,My Humps
Hips Don't Lie (feat. Wyclef Jean),"Oral Fixation, Vol. 2 (Expanded Edition)",86,"Shakira, Wyclef Jean",Y,2005-11-28,0.778,0.824,10,-5.892,0,0.0707,0.284,0.0,0.405,0.758,100.024,218.09332,2006,Hips Don't Lie
Promiscuous,Loose,83,"Nelly Furtado, Timbaland",Y,2006-01-01,0.808,0.97,10,-6.098,0,0.0504,0.0573,6.17e-05,0.154,0.868,114.328,242.29333,2006,Promiscuous
SOS,A Girl Like Me,77,Rihanna,N,2006-04-10,0.677,0.671,7,-4.905,1,0.0361,0.004,5.07e-05,0.413,0.527,137.046,238.92,2006,SOS
Buy U a Drank (Shawty Snappin') (feat. Yung Joc),Epiphany (Expanded Edition),78,"T-Pain, Yung Joc",Y,2007-06-05,0.693,0.549,1,-8.141,1,0.119,0.0109,0.0,0.0677,0.605,80.028,227.96,2006,Buy U a Drank (Shawty Snappin')
Bad Day,Daniel Powter,73,Daniel Powter,N,2005-02-22,0.599,0.785,3,-4.013,1,0.0309,0.448,0.00336,0.151,0.52,140.046,233.64,2006,Bad Day
Umbrella,Good Girl Gone Bad,72,"Rihanna, JAY-Z",Y,2007-01-01,0.585,0.828,1,-4.603,1,0.124,0.00906,0.0,0.0426,0.584,174.034,275.98666,2007,Umbrella
Bartender (feat. Akon),Epiphany (Expanded Edition),76,"T-Pain, Akon",Y,2007-06-05,0.832,0.391,8,-8.504,1,0.0628,0.0564,0.0,0.224,0.436,104.961,238.8,2007,Bartender
Big Girls Don't Cry (Personal),The Dutchess,65,Fergie,N,2006-09-13,0.707,0.642,7,-4.271,1,0.0337,0.204,0.0,0.0925,0.249,113.083,268.12,2007,Big Girls Don't Cry
Stronger,Graduation,80,Kanye West,N,2007-09-11,0.617,0.716,1,-7.858,1,0.136,0.0056,0.0,0.408,0.496,104.014,311.86667,2007,Stronger
Irreplaceable,B'Day Deluxe Edition,69,Beyoncé,N,2007-05-29,0.447,0.694,7,-4.637,0,0.382,0.0293,5.46e-06,0.167,0.509,175.868,227.85333,2007,Irreplaceable
Lollipop,Tha Carter III,68,"Lil Wayne, Static Major",Y,2008-06-10,0.829,0.428,0,-9.469,1,0.0831,0.056,0.00413,0.137,0.45,148.075,299.33334,2008,Lollipop
Smack That,Konvicted,84,"Akon, Eminem",Y,2006-01-01,0.939,0.741,5,-5.171,0,0.0471,0.323,0.0,0.107,0.925,118.978,212.36,2008,Smack That
I Kissed A Girl,One Of The Boys,70,Katy Perry,N,2008-06-17,0.702,0.76,5,-3.174,1,0.0684,0.00226,0.0,0.132,0.696,129.996,179.64,2008,I Kissed a Girl
Whatever You Like,Paper Trail,72,T.I.,N,2008-09-07,0.68,0.687,9,-6.162,0,0.0709,0.0161,0.0,0.261,0.467,150.053,249.53333,2008,Whatever You Like
Love in This Club (feat. Young Jeezy),Here I Stand,73,"USHER, Jeezy",Y,2008-05-27,0.573,0.712,0,-5.976,1,0.0732,0.0572,0.0,0.167,0.346,140.012,259.72,2008,Love in This Club
I Gotta Feeling,THE E.N.D. (THE ENERGY NEVER DIES),75,Black Eyed Peas,N,2009-01-01,0.744,0.766,0,-6.375,1,0.0265,0.0873,0.0,0.509,0.61,127.966,289.13333,2009,I Gotta Feeling
Poker Face,The Fame,77,Lady Gaga,N,2008-01-01,0.851,0.806,4,-4.618,1,0.0787,0.119,1.72e-06,0.121,0.774,119.001,237.2,2009,Poker Face
Heartless,808s & Heartbreak,84,Kanye West,N,2008-11-24,0.79,0.647,10,-5.983,0,0.136,0.0515,0.0,0.248,0.654,87.999,211.0,2009,Heartless
Buy U a Drank (Shawty Snappin') (feat. Yung Joc),Epiphany (Expanded Edition),78,"T-Pain, Yung Joc",Y,2007-06-05,0.693,0.549,1,-8.141,1,0.119,0.0109,0.0,0.0677,0.605,80.028,227.96,2009,Buy U a Drank
Single Ladies (Put a Ring on It),I AM...SASHA FIERCE,64,Beyoncé,N,2008-11-14,0.426,0.584,1,-5.293,1,0.296,0.0383,0.0,0.188,0.272,193.437,193.21333,2009,Single Ladies (Put a Ring on It)
California Gurls,Teenage Dream,73,"Katy Perry, Snoop Dogg",Y,2010-01-01,0.789,0.753,0,-3.71,1,0.0537,0.0038,0.0,0.18,0.403,125.007,234.65334,2010,California Gurls
OMG (feat. will.i.am),Raymond v Raymond (Expanded Edition),70,"USHER, will.i.am",Y,2010-03-30,0.781,0.745,4,-5.81,0,0.0332,0.198,1.14e-05,0.36,0.326,129.998,269.49332,2010,OMG
Bad Romance,The Fame Monster (Deluxe Edition),83,Lady Gaga,N,2009-11-05,0.695,0.921,0,-3.752,1,0.0363,0.00314,5.26e-05,0.0842,0.714,119.007,294.57333,2010,Bad Romance
Nothin' on You (feat. Bruno Mars),B.o.B Presents: The Adventures of Bobby Ray,78,"B.o.B, Bruno Mars",Y,2010-04-27,0.688,0.853,10,-5.814,1,0.0493,0.386,0.0,0.0862,0.743,103.993,268.32,2010,Nothin' on You
Rude Boy,Rated R,78,Rihanna,N,2009-11-20,0.563,0.75,11,-4.496,1,0.127,0.113,0.0,0.0788,0.812,173.909,222.92,2010,Rude Boy
Rolling in the Deep,21,79,Adele,N,2011-01-24,0.73,0.769,8,-5.114,1,0.0298,0.138,0.0,0.0473,0.507,104.948,228.09332,2011,Rolling in the Deep
Party Rock Anthem,Sorry For Party Rocking,68,"LMFAO, Lauren Bennett, GoonRock",Y,2011-01-01,0.75,0.727,5,-4.21,0,0.142,0.0188,0.0,0.266,0.359,129.992,262.17334,2011,Party Rock Anthem
Firework,Teenage Dream,71,Katy Perry,N,2010-01-01,0.638,0.831,8,-5.039,1,0.049,0.142,0.0,0.113,0.649,124.071,227.89333,2011,Firework
Grenade,Doo-Wops & Hooligans,76,Bruno Mars,N,2010-05-11,0.704,0.558,2,-7.273,0,0.0542,0.148,0.0,0.107,0.245,110.444,222.09102,2011,Grenade
We Found Love,Talk That Talk,84,"Rihanna, Calvin Harris",Y,2011-11-18,0.735,0.766,1,-4.485,1,0.0384,0.025,0.00141,0.108,0.6,127.975,215.22667,2011,We Found Love
Call Me Maybe,Kiss (Deluxe),73,Carly Rae Jepsen,N,2012-01-01,0.782,0.58,7,-6.548,1,0.0407,0.0114,2.28e-06,0.108,0.66,120.021,193.4,2012,Call Me Maybe
Somebody That I Used To Know,Making Mirrors,75,"Gotye, Kimbra",Y,2011-01-01,0.864,0.495,0,-7.036,1,0.037,0.591,0.000133,0.0992,0.72,129.062,244.97333,2012,Somebody That I Used to Know
We Are Young (feat. Janelle Monáe),Some Nights,73,"fun., Janelle Monáe",Y,2012-02-21,0.378,0.638,10,-5.576,1,0.075,0.02,7.66e-05,0.0849,0.735,184.086,250.62666,2012,We Are Young
Diamonds,Unapologetic - Edited Version,71,Rihanna,N,2012-01-01,0.562,0.709,11,-4.92,0,0.0424,0.00124,0.0,0.109,0.401,91.958,225.14667,2012,Diamonds
Gangnam Style (강남스타일),Gangnam Style (강남스타일),73,PSY,N,2012-01-01,0.727,0.937,11,-2.871,0,0.286,0.00417,0.0,0.091,0.749,132.067,219.49333,2012,Gangnam Style
Blurred Lines,Blurred Lines (Deluxe),74,"Robin Thicke, T.I., Pharrell Williams",Y,2013-01-01,0.853,0.599,7,-4.756,1,0.0411,0.00334,7.93e-06,0.0759,0.843,119.993,263.82666,2013,Blurred Lines
Thrift Shop (feat. Wanz),The Heist,79,"Macklemore & Ryan Lewis, Macklemore, Ryan Lewis, Wanz",Y,2012-10-09,0.781,0.526,6,-6.986,0,0.293,0.0633,0.0,0.0457,0.665,94.993,235.61337,2013,Thrift Shop
Get Lucky (Radio Edit) [feat. Pharrell Williams and Nile Rodgers],Get Lucky (Radio Edit) [feat. Pharrell Williams and Nile Rodgers],80,"Daft Punk, Pharrell Williams, Nile Rodgers",Y,2013-04-19,0.794,0.811,6,-8.966,0,0.038,0.0426,1.07e-06,0.101,0.862,116.047,248.41333,2013,Get Lucky
Roar,PRISM,78,Katy Perry,N,2013-01-01,0.671,0.771,7,-4.821,0,0.0316,0.00492,7.28e-06,0.354,0.436,90.003,223.54599,2013,Roar
Royals,Pure Heroine,76,Lorde,N,2013-09-27,0.674,0.426,7,-9.504,1,0.122,0.12,0.0,0.132,0.337,84.876,190.18526,2013,Royals
"Happy - From ""Despicable Me 2""",G I R L,80,Pharrell Williams,N,2014-03-03,0.647,0.822,5,-4.662,0,0.183,0.219,0.0,0.0908,0.962,160.019,232.72,2014,Happy
All of Me,Love In The Future (Expanded Edition),84,John Legend,N,2013-08-30,0.422,0.264,8,-7.064,1,0.0322,0.922,0.0,0.132,0.331,119.93,269.56,2014,All of Me
Fancy,The New Classic (Deluxe Version),66,"Iggy Azalea, Charli xcx",Y,2014-01-01,0.912,0.716,10,-4.141,0,0.0698,0.0904,0.0,0.0491,0.377,94.981,199.93819,2014,Fancy
Maps,V,84,Maroon 5,N,2014-09-02,0.742,0.713,1,-5.522,0,0.0303,0.0205,0.0,0.059,0.879,120.032,189.96,2014,Maps
Shake It Off,1989,70,Taylor Swift,N,2014-10-27,0.647,0.785,7,-5.414,1,0.165,0.0561,0.0,0.148,0.943,160.015,219.2,2014,Shake It Off
Thinking out Loud,x (Deluxe Edition),81,Ed Sheeran,N,2014-06-21,0.781,0.445,2,-6.061,1,0.0295,0.474,0.0,0.184,0.591,78.998,281.56,2015,Thinking Out Loud
Uptown Funk (made popular by Mark Ronson ft. Bruno Mars) [vocal version],Pop Party Pack 6 - Party Tyme - Vocal Versions,5,Party Tyme,N,2024-02-16,0.867,0.529,0,-8.916,1,0.0827,0.0261,0.000229,0.0689,0.909,115.042,273.26993,2015,Uptown Funk
Can't Feel My Face,Beauty Behind The Madness,81,The Weeknd,N,2015-08-28,0.705,0.769,9,-5.526,0,0.0425,0.113,0.0,0.105,0.583,107.949,213.52,2015,Can't Feel My Face
Blank Space,1989,70,Taylor Swift,N,2014-10-27,0.753,0.678,5,-5.421,1,0.0644,0.085,1.64e-06,0.13,0.583,96.006,231.82668,2015,Blank Space
Sorry,Purpose (Deluxe),83,Justin Bieber,N,2015-11-13,0.655,0.76,0,-3.669,0,0.045,0.0797,0.0,0.299,0.409,99.947,200.78667,2015,Sorry
One Dance,Views,87,"Drake, Wizkid, Kyla",Y,2016-05-06,0.792,0.625,1,-5.609,1,0.0536,0.00776,0.0018,0.329,0.37,103.967,173.98666,2016,One Dance
Work,ANTI (Deluxe),77,"Rihanna, Drake",Y,2016-01-28,0.723,0.534,11,-6.238,1,0.0891,0.0747,0.0,0.0919,0.551,91.974,219.32,2016,Work
Love Yourself,Purpose (Deluxe),83,Justin Bieber,N,2015-11-13,0.609,0.378,4,-9.828,1,0.438,0.835,0.0,0.28,0.515,100.43,233.72,2016,Love Yourself
Cheap Thrills,This Is Acting (Deluxe Version),67,Sia,N,2016-10-21,0.628,0.698,6,-5.608,0,0.105,0.0472,0.00143,0.0907,0.732,89.976,211.66667,2016,Cheap Thrills
Closer (Originally Performed by The Chainsmokers ft. Halsey) - Instrumental Version,Closer (Originally Performed by The Chainsmokers ft. Halsey) [Instrumental Version],14,KaraokePro,N,2016-08-26,0.69,0.307,5,-10.258,0,0.0824,0.0187,0.81,0.108,0.373,190.113,245.05247,2016,Closer
Shape of You,÷ (Deluxe),85,Ed Sheeran,N,2017-03-03,0.825,0.652,1,-3.183,0,0.0802,0.581,0.0,0.0931,0.931,95.977,233.71265,2017,Shape of You
Despacito - Remix,Despacito Feat. Justin Bieber (Remix),70,"Luis Fonsi, Daddy Yankee, Justin Bieber",Y,2017-04-17,0.653,0.816,2,-4.353,1,0.167,0.228,0.0,0.0967,0.816,178.085,228.82668,2017,Despacito
That's What I Like,24K Magic,87,Bruno Mars,N,2016-11-17,0.853,0.56,1,-4.961,1,0.0406,0.013,0.0,0.0944,0.86,134.066,206.69333,2017,That's What I Like
HUMBLE.,DAMN.,85,Kendrick Lamar,N,2017-04-14,0.908,0.621,1,-6.638,0,0.102,0.000282,5.39e-05,0.0958,0.421,150.011,177.0,2017,Humble.
New Rules,Dua Lipa (Deluxe),81,Dua Lipa,N,2017-06-02,0.762,0.7,9,-6.021,0,0.0694,0.00261,1.56e-05,0.153,0.608,116.073,209.32,2017,New Rules
God's Plan,Scorpion,82,Drake,N,2018-06-29,0.754,0.449,7,-9.211,1,0.109,0.0332,8.29e-05,0.552,0.357,77.169,198.97333,2018,God's Plan
Meant to Be (feat. Florida Georgia Line),Expectations,71,"Bebe Rexha, Florida Georgia Line",Y,2018-06-22,0.642,0.772,10,-6.61,1,0.0848,0.0476,0.0,0.0646,0.589,153.995,164.20508,2018,Meant to Be
rockstar (feat. 21 Savage),beerbongs & bentleys,81,"Post Malone, 21 Savage",Y,2018-04-27,0.585,0.52,5,-6.136,0,0.0713,0.124,7.75e-05,0.131,0.129,159.798,218.14667,2018,Rockstar
Perfect,÷ (Deluxe),86,Ed Sheeran,N,2017-03-03,0.599,0.448,8,-6.312,1,0.0232,0.163,0.0,0.106,0.168,95.05,263.4,2018,Perfect
I Like It,Invasion of Privacy,77,"Cardi B, Bad Bunny, J Balvin",Y,2018-04-06,0.816,0.726,5,-3.998,0,0.129,0.099,0.0,0.372,0.65,136.048,253.39029,2018,I Like It
bad guy,"WHEN WE ALL FALL ASLEEP, WHERE DO WE GO?",81,Billie Eilish,N,2019-03-29,0.701,0.425,7,-10.965,1,0.375,0.328,0.13,0.1,0.562,135.128,194.08784,2019,Bad Guy
Old Town Road - Remix,7 EP,74,"Lil Nas X, Billy Ray Cyrus",Y,2019-06-21,0.878,0.619,6,-5.56,1,0.102,0.0533,0.0,0.113,0.639,136.041,157.06667,2019,Old Town Road
7 rings,"thank u, next",82,Ariana Grande,N,2019-02-08,0.777,0.317,1,-10.732,0,0.308,0.591,0.0,0.0881,0.33,139.848,178.62666,2019,7 Rings
Without Me,Manic,78,Halsey,N,2020-01-17,0.752,0.488,6,-7.05,1,0.0705,0.293,9.2e-06,0.0936,0.533,136.07,201.66068,2019,Without Me
Sunflower - Spider-Man: Into the Spider-Verse,Hollywood's Bleeding,84,"Post Malone, Swae Lee",Y,2019-09-06,0.755,0.522,2,-4.368,1,0.0575,0.533,0.0,0.0685,0.925,89.96,157.56,2019,Sunflower
Blinding Lights,After Hours,88,The Weeknd,N,2020-03-20,0.513,0.73,1,-5.94,1,0.0598,0.00143,9.54e-05,0.0897,0.334,171.001,200.04,2020,Blinding Lights
The Box,Please Excuse Me for Being Antisocial,82,Roddy Ricch,N,2019-12-06,0.896,0.586,10,-6.687,0,0.0559,0.104,0.0,0.79,0.642,116.971,196.6526,2020,The Box
Don't Start Now,Future Nostalgia,83,Dua Lipa,N,2020-03-27,0.793,0.793,11,-4.521,0,0.083,0.0123,0.0,0.0951,0.679,123.95,183.29048,2020,Don't Start Now
Watermelon Sugar,Fine Line,85,Harry Styles,N,2019-12-13,0.548,0.816,0,-4.209,1,0.0465,0.122,0.0,0.335,0.557,95.39,174.0,2020,Watermelon Sugar
Dynamite,BE,79,BTS,N,2020-11-20,0.746,0.765,6,-4.41,0,0.0993,0.0112,0.0,0.0936,0.737,114.044,199.05374,2020,Dynamite
drivers license,SOUR,83,Olivia Rodrigo,N,2021-05-21,0.561,0.431,10,-8.81,1,0.0578,0.768,1.42e-05,0.106,0.137,143.875,242.01334,2021,Drivers License
Save Your Tears,After Hours,85,The Weeknd,N,2020-03-20,0.679,0.825,0,-5.487,1,0.0309,0.0212,1.21e-05,0.543,0.644,118.049,215.62666,2021,Save Your Tears
Levitating (feat. DaBaby),Future Nostalgia,80,"Dua Lipa, DaBaby",Y,2020-03-27,0.702,0.825,6,-3.787,0,0.0601,0.00883,0.0,0.0674,0.915,102.977,203.06416,2021,Levitating
Leave The Door Open,An Evening With Silk Sonic,79,"Bruno Mars, Anderson .Paak, Silk Sonic",Y,2021-11-11,0.586,0.616,5,-7.964,1,0.0324,0.182,0.0,0.0927,0.719,148.088,242.09642,2021,Leave the Door Open
Butter,Proof,74,BTS,N,2022-06-10,0.759,0.459,8,-5.187,1,0.0948,0.00323,0.0,0.0788,0.695,109.997,164.95235,2021,Butter
As It Was,Harry's House,90,Harry Styles,N,2022-05-20,0.52,0.731,6,-5.338,0,0.0557,0.342,0.00101,0.311,0.662,173.93,167.30318,2022,As It Was
BREAK MY SOUL,RENAISSANCE,68,Beyoncé,N,2022-07-29,0.693,0.887,1,-5.039,0,0.0795,0.0581,2.71e-06,0.27,0.864,114.942,278.28156,2022,Break My Soul
Tití Me Preguntó,Un Verano Sin Ti,82,Bad Bunny,N,2022-05-06,0.65,0.715,5,-5.198,0,0.253,0.0993,0.000291,0.126,0.187,106.672,243.71664,2022,Tití Me Preguntó
Bad Habit,Gemini Rights,82,Steve Lacy,N,2022-07-15,0.686,0.494,1,-7.093,1,0.0355,0.613,5.8e-05,0.402,0.7,168.946,232.06667,2022,Bad Habit
Jimmy Cooks (feat. 21 Savage),"Honestly, Nevermind",82,"Drake, 21 Savage",Y,2022-06-17,0.529,0.673,0,-4.711,1,0.175,0.000307,2.41e-06,0.093,0.366,165.921,218.36462,2022,Jimmy Cooks
Kill Bill,SOS,87,SZA,N,2022-12-08,0.644,0.735,8,-5.747,1,0.0391,0.0521,0.144,0.161,0.418,88.98,153.94667,2023,Kill Bill
Anti-Hero,Midnights,84,Taylor Swift,N,2022-10-21,0.633,0.648,4,-6.645,1,0.062,0.121,2.62e-06,0.161,0.49,96.888,200.69016,2023,Anti-Hero
Heartless,After Hours,78,The Weeknd,N,2020-03-20,0.537,0.746,10,-5.507,0,0.15,0.0236,1e-06,0.156,0.252,170.083,198.26666,2023,Heartless
Chemical,Chemical,78,Post Malone,N,2023-04-14,0.49,0.88,2,-4.856,1,0.0435,0.00154,0.0,0.103,0.392,169.949,184.01334,2023,Chemical
vampire,GUTS,85,Olivia Rodrigo,N,2023-09-08,0.484,0.53,5,-5.821,1,0.0538,0.154,0.0,0.263,0.323,136.848,219.72408,2023,Vampire
good 4 u,SOUR,83,Olivia Rodrigo,N,2021-05-21,0.563,0.664,9,-5.044,1,0.154,0.335,0.0,0.0849,0.688,166.928,178.14667,2024,Good 4 U
Dance The Night - From Barbie The Album,Dance The Night (From Barbie The Album),83,Dua Lipa,N,2023-05-25,0.671,0.845,11,-4.93,0,0.048,0.0207,0.0,0.329,0.775,110.056,176.57932,2024,Dance the Night
Save Your Tears,After Hours,85,The Weeknd,N,2020-03-20,0.679,0.825,0,-5.487,1,0.0309,0.0212,1.21e-05,0.543,0.644,118.049,215.62666,2024,Save Your Tears
Snooze,SOS,86,SZA,N,2022-12-09,0.559,0.551,5,-7.231,1,0.132,0.141,0.0,0.11,0.392,143.008,201.8,2024,SOS
Rich Flex,Her Loss,76,"Drake, 21 Savage",Y,2022-11-04,0.549,0.518,4,-9.39,0,0.257,0.0517,1.21e-06,0.378,0.418,160.07,239.35977,2024,Rich Flex
